name,price,stock,color,sizes
Solid Bra Top in Marine,IDR 499.000,9 IN STOCK,Blue,['XS']
Urban Shorts in Marine,IDR 399.000,1 IN STOCK,Blue,['XS']
Lune Flare Pants in Moss,IDR 529.000,1 IN STOCK,Green,['XS']
Stream Moss Long-sleeved Top,IDR 529.000,18 IN STOCK,Green,['XS']
Achieve Running Short in Espresso,IDR 349.000,7 IN STOCK,Brown,['XS']
Raglan Jacket in Marine,IDR 649.000,14 IN STOCK,Blue,['XS']
Elevated+ Jacket in Espresso,IDR 749.000,1 IN STOCK,Brown,['M']
Lunette Long Sleeve Outer in Marine,IDR 399.000,13 IN STOCK,Blue,['S']
Fluid Legging in Marine,IDR 459.000,13 IN STOCK,Blue,['XS']
Ultrasoft Moss Flare Pants,IDR 599.000,13 IN STOCK,Green,['XS']
Routine Bra Top in Moss,IDR 489.000,2 IN STOCK,Green,['XS']
Raglan Jacket in Moss,IDR 649.000,8 IN STOCK,Green,['XS']
Rhythm Bra Top in Moss,IDR 399.000,3 IN STOCK,Green,['L']
Luxe+ Contoured Jacket in Moss,IDR 699.000,4 IN STOCK,Green,['XS']
Eden Longsleeve Wrap Top in Sand,IDR 449.000,2 IN STOCK,Brown,['XS']
Rhythm Bra Top in Marine,IDR 399.000,6 IN STOCK,Blue,['S']
Lunette Long Sleeve Outer in Moss,IDR 399.000,5 IN STOCK,Green,['XS']
Solene Baby Tee in Marine,IDR 380.000,3 IN STOCK,Blue,['XS']
Elevated+ Jacket in Steel Blue,IDR 749.000,7 IN STOCK,Blue,['S']
Solene Baby Tee in Moss,IDR 380.000,6 IN STOCK,Green,['XS']
